{
	"RecursosJeloz":
		{
			"Logo":"",
			"ImagenHeader": "",
			"Redes":[
				{
					"Red":"facebook",
					"Link":"https://www.facebook.com/Jelozmusic?fref=ts"
				},
				{
					"Red":"twitter",
					"Link":"https://twitter.com/jelozmusic"
				},
				{
					"Red":"instagram",
					"Link":"https://instagram.com/jelozmusic/"
				},
				{
					"Red":"youtube",
					"Link":"https://www.youtube.com/user/JelozMusic"
				},
				{
					"Red":"spotify",
					"Link":"https://www.youtube.com/user/JelozMusic"
				}
				
			],
			"Multimedia":{
        "Imagenes": [
          {
            "Imagen": "img/galeria_imagenes/miniaturas/mini2.png",
            "Miniatura": "img/galeria_imagenes/miniaturas/mini2.png",
            "Alt": "Imagen 1"
          },
          {
            "Imagen": "img/galeria_imagenes/miniaturas/mini1.png",
            "Miniatura": "img/galeria_imagenes/miniaturas/mini1.png",
            "Alt": "Imagen 2"
          },
          {
            "Imagen": "img/galeria_imagenes/miniaturas/mini3.png",
            "Miniatura": "img/galeria_imagenes/miniaturas/mini3.png",
            "Alt": "Imagen 3"
          },
          {
            "Imagen": "img/galeria_imagenes/miniaturas/mini5.png",
            "Miniatura": "img/galeria_imagenes/miniaturas/mini5.png",
            "Alt": "Imagen 4"
          },
          {
            "Imagen": "img/galeria_imagenes/miniaturas/mini4.png",
            "Miniatura": "img/galeria_imagenes/miniaturas/mini4.png",
            "Alt": "Imagen 5"
          },
          {
            "Imagen": "img/galeria_imagenes/miniaturas/mini2.png",
            "Miniatura": "img/galeria_imagenes/miniaturas/mini2.png",
            "Alt": "Imagen 6"
          },
          {
            "Imagen": "img/galeria_imagenes/miniaturas/mini4.png",
            "Miniatura": "img/galeria_imagenes/miniaturas/mini4.png",
            "Alt": "Imagen 7"
          },
          {
            "Imagen": "img/galeria_imagenes/miniaturas/mini3.png",
            "Miniatura": "img/galeria_imagenes/miniaturas/mini3.png",
            "Alt": "Imagen 8"
          },
          {
            "Imagen": "img/galeria_imagenes/miniaturas/mini1.png",
            "Miniatura": "img/galeria_imagenes/miniaturas/mini1.png",
            "Alt": "Imagen 9"
          },
          {
            "Imagen": "img/galeria_imagenes/miniaturas/mini5.png",
            "Miniatura": "img/galeria_imagenes/miniaturas/mini5.png",
            "Alt": "Imagen 10"
          },
          {
            "Imagen": "img/galeria_imagenes/miniaturas/01.png",
            "Miniatura": "img/galeria_imagenes/miniaturas/01.png",
            "Alt": "Imagen 11"
          },
          {
            "Imagen": "img/galeria_imagenes/miniaturas/02.png",
            "Miniatura": "img/galeria_imagenes/miniaturas/02.png",
            "Alt": "Imagen 12"
          },
          {
            "Imagen": "img/galeria_imagenes/miniaturas/03.png",
            "Miniatura": "img/galeria_imagenes/miniaturas/03.png",
            "Alt": "Imagen 13"
          },
          {
            "Imagen": "img/galeria_imagenes/miniaturas/04.png",
            "Miniatura": "img/galeria_imagenes/miniaturas/04.png",
            "Alt": "Imagen 14"
          },
          {
            "Imagen": "img/galeria_imagenes/miniaturas/05.png",
            "Miniatura": "img/galeria_imagenes/miniaturas/05.png",
            "Alt": "Imagen 15"
          },
          {
            "Imagen": "img/galeria_imagenes/miniaturas/06.png",
            "Miniatura": "img/galeria_imagenes/miniaturas/06.png",
            "Alt": "Imagen 16"
          },
          {
            "Imagen": "img/galeria_imagenes/miniaturas/07.png",
            "Miniatura": "img/galeria_imagenes/miniaturas/07.png",
            "Alt": "Imagen 17"
          }
        ],
				"Videos":[
					{
						"Video":"https://www.youtube.com/watch?v=ABAj2tv5JQc",
						"Miniatura":"img/video2.png",
						"Alt":"Video 1"
					},
					{
						"Video":"https://www.youtube.com/watch?v=Tr3Ovyte8Cg",
						"Miniatura":"img/video1.png",
						"Alt":"Video 2"
					},
					{
						"Video":"https://www.youtube.com/watch?v=kmz8suzdFAo",
						"Miniatura":"img/video3.png",
						"Alt":"Video 3"
					}
				]
			},
			"VideosDestacados":{
				"Principal":"https://www.youtube.com/embed/ABAj2tv5JQc?autoplay=1",
				"V360":"https://www.youtube.com/embed/0RPurvYriHI"
			},
			"WallPapers":[
				{
					"Miniatura":"img/galeria_imagenes/miniaturas/mini2.png",
					"Celular":"img/galeria_imagenes/miniaturas/mini2.png",
					"Tablet":"img/galeria_imagenes/miniaturas/mini2.png",
					"PC":"img/galeria_imagenes/miniaturas/mini2.png"
				},
				{
					"Miniatura":"img/galeria_imagenes/miniaturas/mini1.png",
					"Celular":"img/galeria_imagenes/miniaturas/mini1.png",
					"Tablet":"img/galeria_imagenes/miniaturas/mini1.png",
					"PC":"img/galeria_imagenes/miniaturas/mini1.png"
				},
				{
					"Miniatura":"img/galeria_imagenes/miniaturas/mini4.png",
					"Celular":"img/galeria_imagenes/miniaturas/mini4.png",
					"Tablet":"img/galeria_imagenes/miniaturas/mini4.png",
					"PC":"img/galeria_imagenes/miniaturas/mini4.png"
				},
				{
					"Miniatura":"img/galeria_imagenes/miniaturas/mini3.png",
					"Celular":"img/galeria_imagenes/miniaturas/mini3.png",
					"Tablet":"img/galeria_imagenes/miniaturas/mini3.png",
					"PC":"img/galeria_imagenes/miniaturas/mini3.png"
				}
			],
			"EmisoraOnline":[
				{
					"Nombre":"Cancion de Prueba 1",
					"LinkCancion":"audios/julito.mp3",
					"Caratula":"img/discos_emisora/disco1.png",
					"Duracion":1000
				},
				{
					"Nombre":"Cancion de Prueba 2",
					"LinkCancion":"audios/julito.mp3",
					"Caratula":"img/discos_emisora/disco2.png",
					"Duracion":1000
				},
				{
					"Nombre":"Cancion de Prueba 3",
					"LinkCancion":"audios/julito.mp3",
					"Caratula":"img/discos_emisora/disco3.png",
					"Duracion":1000
				},
				{
					"Nombre":"Cancion de Prueba 4",
					"LinkCancion":"audios/julito.mp3",
					"Caratula":"img/discos_emisora/disco4.png",
					"Duracion":1000
				},
				{
					"Nombre":"Cancion de Prueba 5",
					"LinkCancion":"audios/julito.mp3",
					"Caratula":"img/discos_emisora/disco5.png",
					"Duracion":1000
				},
				{
					"Nombre":"Cancion de Prueba 6",
					"LinkCancion":"audios/julito.mp3",
					"Caratula":"img/discos_emisora/disco6.png",
					"Duracion":1000
				},
				{
					"Nombre":"Cancion de Prueba 7",
					"LinkCancion":"audios/julito.mp3",
					"Caratula":"img/discos_emisora/disco1.png",
					"Duracion":1000
				},
				{
					"Nombre":"Cancion de Prueba 8",
					"LinkCancion":"audios/julito.mp3",
					"Caratula":"img/discos_emisora/disco2.png",
					"Duracion":1000
				},
				{
					"Nombre":"Cancion de Prueba 9",
					"LinkCancion":"audios/julito.mp3",
					"Caratula":"img/discos_emisora/disco3.png",
					"Duracion":1000
				},
				{
					"Nombre":"Cancion de Prueba 10",
					"LinkCancion":"audios/julito.mp3",
					"Caratula":"img/discos_emisora/disco4.png",
					"Duracion":1000
				}
			]
			
		}
}